app,manual_result
Salesforce,checked against first-party documentation
Podio,checked against first-party documentation
Close,checked against first-party documentation
Copper,checked against first-party documentation
Zendesk,checked against first-party documentation
Intercom,checked against first-party documentation
Aircall,checked against first-party documentation
Vonage,checked against first-party documentation
Google Ads,checked against first-party documentation
Klaviyo,checked against first-party documentation
DataForSEO,checked against first-party documentation
MongoDB Atlas,checked against first-party documentation
